date,smb,hml,rmw,cma
1967-07-01,0.09807601130805313,0.011301042522321156,-0.0035019155131542773,0.07021213996915031
1967-08-01,0.03242474690457735,0.010406532277387491,-0.01589673071932651,0.021318453483085135
1967-09-01,0.04604449723315038,0.05082745185100816,0.005702923039671178,0.02554034621133816
1967-10-01,0.028740378218991336,-0.06492068979647382,0.07423256711577088,0.05640276409210591
1967-11-01,-0.09096486567410622,-0.0361519794035271,0.03653359658844062,0.040328895045014454
1967-12-01,0.0727212023031358,0.10619814316938771,-0.05274451343626984,0.09101426885147475
1968-01-01,0.0331262924524288,0.014748805004993428,-0.027347738085545806,-0.05202763478706929
1968-02-01,0.021594674698322082,-0.02855655016763098,0.04000192702930737,0.06544425072725406
1968-03-01,0.002642190629469905,-0.04382564673313882,-0.009770439480491423,0.0006212003901485061
1968-04-01,0.09722246099797524,-0.005289583713591867,0.029761559226573336,-0.022872354703219355
1968-05-01,0.07944338226266351,-0.0815157108063615,0.06887593039301564,-0.04595088461803628
1968-06-01,-0.047745046270907254,-0.01616918978168306,-0.025749642667739846,-0.03973543914535035
1968-07-01,0.02031224169056217,0.08101067264243954,-0.05315358920998636,0.00165842141033809
1968-08-01,0.029297249851260504,0.05385320994379516,-0.027326577041316143,-0.01549739197365952
1968-09-01,0.02870416579415971,0.050388813046773236,-0.04705700955046582,0.00688687478610716
1968-10-01,0.022863513847033452,0.041890918455838394,-0.03944288466449902,-0.003975186430045642
1968-11-01,0.017227034038839052,0.007289170927165342,0.015183314555470478,-0.008231019656408156
1968-12-01,0.05078813234527304,0.0048352774770149196,-0.013571756957613326,0.033942163466627234
1969-01-01,0.01335659056540113,0.024736710925934328,-0.02285553929875349,0.01315737278056162
1969-02-01,-0.04938199618261319,0.0058319285824640354,0.024256721891695907,0.03249057763619074
1969-03-01,-0.008836433331104059,0.04802896463548764,-0.043733462876493226,0.024720129298706255
1969-04-01,-0.008180414779413513,-0.007477730827348476,0.002696726999978357,0.01408871553122298
1969-05-01,0.021964872726313648,0.024586127679338116,-0.012974897552094838,-0.010497730725503172
1969-06-01,-0.07720406601435004,-0.06413241016155011,0.08716118766233101,0.0022231545956953314
1969-07-01,-0.042640938002151615,0.006347602199734598,0.005657430356659776,0.0006614475383368151
1969-08-01,0.009869262937092914,-0.01446172923246701,0.0007300407634844783,-0.023760695641882823
1969-09-01,-0.003483582419824941,-0.0008596480689303555,0.02111574625051734,0.019522431627491586
1969-10-01,0.02743572890210727,0.008447650326289677,-0.02347415753633105,0.00018487688576002137
1969-11-01,-0.045475719954351825,-0.04053817718080044,0.02900824648247019,-0.006594029665789619
1969-12-01,-0.05401605475442868,-0.044160537432492944,0.022825847173743388,-0.032988164104140294
1970-01-01,0.03461760493843363,0.005645199870080608,0.03291127080014379,0.0032588443845855547
1970-02-01,0.014120031745850782,0.09026265134428484,-0.05186691374887996,0.001495528382388936
1970-03-01,-0.02068018571424147,0.026393090809876295,-0.006092299303221419,0.015227193856666106
1970-04-01,-0.03770420276770034,0.04167300393145909,0.009039686100796168,0.031402803612140845
1970-05-01,-0.036132578381994004,-0.024137902147922552,0.015894593313126884,-0.007359767623308686
1970-06-01,-0.015515110385444827,0.014929348208877924,0.0088322558301977,0.01470311734349318
1970-07-01,0.008649128617852546,0.03611463577300988,-0.002526429327840758,0.03474712648168159
1970-08-01,0.002400922071756767,-0.01473358029235676,0.03279651447086536,0.0062156049297814875
1970-09-01,0.08033181728923941,-0.08431804705489948,0.0231820564282246,-0.09762555659627023
1970-10-01,-0.059319410379728585,-0.017191830650445092,0.035215624473824134,0.019118343482154
1970-11-01,-0.04521937314011532,0.015123717991427338,0.013178035474033371,0.042397728814251995
1970-12-01,0.028812583908287462,0.022169620985487512,-0.008770837265578868,0.019072559906078215
1971-01-01,0.09287443153987154,0.015044941392148292,-0.030021217910047873,-0.008355433892944727
1971-02-01,0.02899639895722388,-0.037231152197830915,0.03321442950172989,-0.012439911320203653
1971-03-01,0.019898884046211353,-0.04760033934032464,0.008893765637235651,-0.06625878719808574
1971-04-01,0.018657008206355536,0.04053749894042674,-0.010992268479812148,0.06591387189177762
1971-05-01,-0.021480547369768413,0.005545379113313986,-0.0030335277264416094,-0.014691118466401247
1971-06-01,-0.01864925717839483,-0.022638505915920176,0.023684849725223542,-0.04487130752088107
1971-07-01,-0.01715619572007373,0.0011740480245597817,-0.003398732504273881,0.005695013531624611
1971-08-01,0.004790177341783247,0.014505070137405332,-0.010670811155295334,0.01942500862637779
1971-09-01,-0.003088918356275023,-0.027379203061811862,0.023078636421275753,-0.01759846876836363
1971-10-01,-0.01731275538230214,-0.015275610183260062,0.02746076587414769,-0.01017718479733093
1971-11-01,-0.033485623218809234,-0.01959907900662983,0.01679931408391064,-0.006588756231591662
1971-12-01,0.03838189499421671,0.002004349389013768,0.0021067382126954137,-0.013375665316588042
1972-01-01,0.07147822952279995,0.015954646880035388,-0.011451701523134572,0.004791947829362805
1972-02-01,0.012669884315786781,-0.015667615476350795,0.010737602621383818,0.0010259394912744135
1972-03-01,-0.01011798833888858,-0.026645787918893733,0.008395058294719265,-0.003542402115793479
1972-04-01,0.004862827985553984,0.007310611829612864,-0.005673603852896098,-0.010776441933336591
1972-05-01,-0.03357445490068428,-0.016292270561145468,0.020219948187662297,-0.014626031161434048
1972-06-01,-0.0006873680404533983,-0.010890131630970856,0.0014129447429100245,0.011808890994497234
1972-07-01,-0.03455772483746274,-0.00831976833121355,0.02306684454562006,-0.011895857097592298
1972-08-01,-0.02838498009129365,0.06451203148274774,-0.033791327612416766,0.0279408128947527
1972-09-01,-0.017038962024406756,-0.013936285036183231,0.019474567919265284,-0.01740870692392667
1972-10-01,-0.02489725337250326,0.01373219818117672,-0.0014717021526649918,0.010091141913120983
1972-11-01,0.009949999675486106,0.04926686518622396,-0.02348225385408262,0.03260119932310822
1972-12-01,-0.030387402673604708,-0.025009150644416833,0.023523202358472273,-0.017855365631037564
1973-01-01,-0.036290675617794255,0.032185509781812616,-0.014959442863558697,0.014492787041059815
1973-02-01,-0.04037769567980464,-0.0025999141547876983,0.0035224612467545796,-0.0065776177651544684
1973-03-01,-0.019531898817914915,0.0368818668586397,-0.013492651136383232,-0.0013650972501677225
1973-04-01,-0.03227367461595555,0.03941516071238596,-0.013374137921829482,0.016784444396644033
1973-05-01,-0.06898736118320375,-0.015348469445297636,0.021879887585945834,-0.024318723448249376
1973-06-01,-0.03203841942113215,0.011126718463420775,0.004177993309699736,0.0001882946063721802
1973-07-01,0.08257568058427378,-0.02789305189121956,0.004820335091205136,-0.06098842026479677
1973-08-01,-0.016374692923017284,0.006518040725294133,-0.003745844990250817,-0.008113492018372512
1973-09-01,0.06597765173159437,0.04599579188701441,-0.02841947161579047,0.00010402210111531973
1973-10-01,-0.00210997390625861,-0.002221942801505762,-0.008150652120887138,0.020786465280065565
1973-11-01,-0.08016479717125877,-0.006248367563147061,-0.011069100365526219,0.01790721264894693
1973-12-01,-0.03319645928958147,0.06095509081903855,-0.031695039564565514,0.011751723451013031
1974-01-01,0.13032243437613186,0.05700329079868004,-0.04956255108583269,0.055498248580100315
1974-02-01,0.0030856139017784766,0.024942415891053404,-0.006374932654584448,0.019526094725675645
1974-03-01,0.019492329548028264,-0.0015732753913898206,0.021978169985567793,-0.00669228048508776
1974-04-01,-0.01237823496349967,0.019964990808527157,0.00452416070742296,0.019464619145252514
1974-05-01,-0.04095827833634337,-0.03519772738355895,0.04194123744578004,-0.009895248779461935
1974-06-01,-0.0019321202078435781,-0.00113924036763529,0.00120264204905908,0.02062533441808769
1974-07-01,0.032910464540615705,0.062271966330730844,-0.00890704297175074,0.03496736683825387
1974-08-01,0.012692341720503694,0.02620815726401625,-0.001985886377617513,0.03789488917239131
1974-09-01,0.037236239117396513,0.051303968297607,-0.021328512108149983,0.03830646576258502
1974-10-01,-0.0718131911626464,-0.09230147004684247,0.010949759948215676,-0.02143159539148687
1974-11-01,-0.003519393672986086,-0.004110283618444489,-0.017910697578116086,0.04225773985696549
1974-12-01,-0.0394915155568716,-0.005879077899737961,-0.004838905351856382,0.0247780708180243
1975-01-01,0.13195793426006486,0.09513370483943007,-0.01544661014486115,-0.017437563572450437
1975-02-01,-0.01327043625509152,-0.05847735519694269,0.01439537973638988,-0.004611472335737721
1975-03-01,0.043820053592809494,0.02757552177388621,-0.004296320549100542,-0.0017258418915748336
1975-04-01,-0.015395319104177407,-0.010724318318280857,0.01733338294085298,-0.00698742157182565
1975-05-01,0.028084607467971298,-0.02693057916942479,-0.013083579831242899,0.0157240466642287
1975-06-01,0.02276558369842359,0.01259767263114868,-0.025734316001809955,-0.0003193173292207613
1975-07-01,0.04190874940663647,0.019706866778583167,-0.008883573379389664,0.010790361179362301
1975-08-01,-0.03625113017333302,-0.01263397282805176,0.005900170111367294,-0.00977972928788428
1975-09-01,0.0061765369947314255,-0.0009219224440425791,0.0024012891428792094,0.010777441729763138
1975-10-01,-0.047788118805592306,-0.025530071569263738,-0.007682602088289706,0.027275856418842195
1975-11-01,-0.010087514694385888,0.011944395150825599,0.007528826537458233,0.017404569986122498
1975-12-01,0.005309916050467444,0.01654863692433796,0.0010273886311149595,-0.0016865574139211803
1976-01-01,0.0920927273306708,0.07801563203757508,-0.023366782856141716,0.01664650452571223
1976-02-01,0.10059932400127099,0.07170911442508378,-0.03883307300585931,0.029003909157958585
1976-03-01,-0.012242747892463636,0.0030439616786616316,-0.005375424067790707,0.016911598713856106
1976-04-01,1.8313605278923173e-05,0.011966385415696067,-0.0052050925066026085,-0.015885775037299925
1976-05-01,-0.01679526358963947,-0.01980339147848177,0.025305241623528082,-0.026009480375520304
1976-06-01,-0.010313679667593716,0.012987003908129215,0.002923505182598804,-0.005091336252234152
1976-07-01,0.009928371569483774,0.01611380396468135,0.004452449812211212,0.0002813094674547524
1976-08-01,-0.025953001926210605,0.003557113514556013,0.0037548605682439194,-0.001141357512596551
1976-09-01,0.00034891895710262646,0.0014923590906245829,0.014309108316422701,-0.01598941345539558
1976-10-01,0.0006863149745153542,0.010799577543367245,0.007221217070779232,-0.00925628434833779
1976-11-01,0.03498352161214997,0.012055566868083477,-0.006442885046555935,-0.0004988069740807354
1976-12-01,0.04712273320791477,0.02630722839070282,-0.01219180544432008,0.03236458779131703
1977-01-01,0.06866653647203333,0.055651754601052345,-0.004908961001554491,0.024737172374793698
1977-02-01,0.008344236696949128,0.0033224687422453644,0.008951559439385736,-0.0032860449526760857
1977-03-01,0.01784251088419214,-0.008674204536401983,0.004262005732272267,-0.005510706018044351
1977-04-01,0.017335693636996132,0.030328572477966772,-0.010751311864954122,0.009996688803186292
1977-05-01,0.010449218225033932,0.01965128048607421,0.013977869232229797,0.0031787948459297555
1977-06-01,0.02241425440348524,-0.010480271409815098,0.0009951342419084117,-5.4126627949832584e-05
1977-07-01,0.013251070206462195,0.003930038596557606,0.006761825676109681,0.006530260978964232
1977-08-01,0.003145641471472076,-0.03874731236950159,0.01003524071397785,-0.01794713324065955
1977-09-01,0.012291642977345224,0.009488885797095743,0.008830273009900623,-0.005276588923534879
1977-10-01,0.0185417167085934,0.004425274119432901,0.008638529418907172,-0.009934664288272207
1977-11-01,0.04714285237514044,0.003940490911717234,-0.002468748812010084,0.009747724316058401
1977-12-01,0.016359295235668564,0.00013005615140886974,0.008632528053699639,-0.0070717184341881605
1978-01-01,0.03397345030883854,0.027323996463394312,-0.010708109327122364,0.023613126816887292
1978-02-01,0.03993005269703348,0.028569299583422955,-0.014102122301067223,0.023341198999203776
1978-03-01,0.04478706960526749,0.026182600839088917,-0.01275514322492903,0.01286621461815965
1978-04-01,-0.012527976940877733,-0.0417159011830934,0.021039970179492815,-0.01698605024809398
1978-05-01,0.05556992421449776,-0.0024817643474613973,-0.0130622638751502,0.0038257679892450963
1978-06-01,0.01821059197493108,-0.0022185330325148606,-0.013980448881030158,-0.007739717700877818
1978-07-01,-0.00020059467052658403,-0.0190225990914318,0.013228459533315334,-0.004152549955115645
1978-08-01,0.05313988427930072,0.004474579248006413,0.006555167783120361,0.008246334661270768
1978-09-01,-0.0006939884833749195,0.027477529036854974,-0.009149124707829874,0.00956155790167517
1978-10-01,-0.11545453696064951,0.006822875038013432,0.009768025571506855,0.019487563834479665
1978-11-01,0.030071711574492604,-0.014853910885543442,0.00580972291061832,-0.0068252638738942675
1978-12-01,0.005236833227641256,-0.014981580313097789,0.017645305828249344,-0.0033657820088968567
1979-01-01,0.04892985465338637,0.019734853025827365,-0.017003339090519223,0.014894893880660905
1979-02-01,0.005565646252366718,0.02061831672543024,-0.011384202682574913,0.011167808554760031
1979-03-01,0.03261618845375398,-0.01779565161816929,0.00897187904969049,-0.008825718483688627
1979-04-01,0.021215409892499416,0.013355284157977654,0.0059108056786554685,-0.004555188028212184
1979-05-01,0.004184986111885083,0.009865253941969826,-0.014304211388276871,0.0036817652941377836
1979-06-01,0.012203360865526668,0.008406607803073035,-0.008519991810185965,-0.015337144408017377
1979-07-01,0.02175902348809221,0.015467784827838834,-0.0061716327230011804,-0.013538233356368851
1979-08-01,0.018135685410105386,-0.007407160839889904,0.005553401283904837,-0.025159376601348413
1979-09-01,-0.004967305227093365,0.002731163373564261,0.0033970968933065646,0.008010481185772942
1979-10-01,-0.036965387466898245,-0.018434398006461863,0.004110921691495684,-0.00044669429758588397
1979-11-01,0.029221032000872997,-0.023362933312181908,0.0026245015280071116,-0.022229924017389435
1979-12-01,0.04390152137429078,-0.012114346771842338,-0.01098373912979797,-0.013250077765930145
1980-01-01,0.03393964280534473,0.013352634907838688,-0.019445052796170814,0.01202273193204112
1980-02-01,-0.019133011097868392,0.018993481593441233,-0.019027450454974053,0.025873906535871967
1980-03-01,-0.07343620410966248,-0.015560885281278386,0.025699589171465448,-0.0036126840645816227
1980-04-01,0.011394140539078543,0.006546450265083874,-0.011133397768312785,-0.012605089071071003
1980-05-01,0.020840835307596575,0.0008486426402703889,-0.003224610511202042,-0.014758038038476036
1980-06-01,0.014451198416220949,-0.01071256625870727,0.013034329460773104,-0.01310185002110753
1980-07-01,0.026862451341625918,-0.05408420393432918,0.03047355627825843,-0.03520135145218957
1980-08-01,0.04569034478732467,-0.009501803233373636,0.00047576083257897667,0.0009912637667698343
1980-09-01,0.00538538283184237,-0.04006529166377461,0.023735575915741366,-0.03162407455563677
1980-10-01,0.017192714584579438,-0.013204105323847658,0.021199700394286473,-0.019633374295571264
1980-11-01,-0.04675467206232559,-0.06461983413156193,0.03619673310932871,-0.05963293094780921
1980-12-01,-0.003618847757103215,0.00595642174643244,-0.012770620685618246,0.014765673533411933
1981-01-01,0.033518666213905896,0.061572479290057894,-0.03364332787138989,0.05502956643566703
1981-02-01,-0.01111824439268541,0.014036259044216447,-0.00816116748071168,0.0253301288461279
1981-03-01,0.04377533993051904,0.0018681103757006295,-0.02539280782929272,-0.017812860722006975
1981-04-01,0.050792044554324844,0.02729995454642032,-0.003659632915822829,0.020736731611137572
1981-05-01,0.022651007213686188,-0.010267809427055876,-0.006055522320707224,-0.011446190330746932
1981-06-01,-0.0037060089628764316,0.060145414915897796,0.0007373287576146192,0.022849607852304308
1981-07-01,-0.01562891379511302,-0.01269416412096001,0.009411730910660332,-0.01994907701437251
1981-08-01,-0.01939032066637672,0.03250266348530831,0.00792753160021438,0.016888293070888072
1981-09-01,-0.032559442947528904,0.038647966280707685,0.0032042798301005343,0.030705817254662177
1981-10-01,0.02983030333529249,-0.04736583149674694,0.022615432671699895,-0.05123379135961699
1981-11-01,-0.01620814299950193,0.012526929912459347,0.008274408010626403,0.006138421635097022
1981-12-01,0.011505054677391137,0.008006146751993702,-0.0018268946728868564,0.022983574312189458
1982-01-01,-0.015533368493965877,0.015029058094482978,-0.0016326150495468705,0.03197018766542238
1982-02-01,0.01306309581117307,0.04739938288718213,-0.0142153067841558,0.0451635874416406
1982-03-01,0.0033479214754298034,0.04659658536458053,-0.0129241089104943,0.028994056851983658
1982-04-01,0.012268597210367764,-0.03512535010645476,0.022166213903279518,-0.0029967541043948998
1982-05-01,-0.0004046586937231783,0.018574602059744677,0.0027738407657246153,0.00197119950971459
1982-06-01,0.00011149740460837318,0.008066588713214584,0.00350551966914368,0.020925911200453402
1982-07-01,0.010097225193470005,-0.00919236075321711,0.015431367851328457,0.015666461088257515
1982-08-01,-0.04656573384871593,0.016596191654455555,-0.026262325388230034,-0.0010532080839008306
1982-09-01,0.028382883714738075,0.005864743865169844,0.031008152887349018,0.011600968254463339
1982-10-01,0.011641019617055437,-0.00919820451225778,-0.0007570992387609388,-0.012523899686040951
1982-11-01,0.04992217208315425,-0.012688066424636407,-0.009202409519387764,-0.011462720613831273
1982-12-01,0.0004931811528807025,-0.011501703797818938,0.00962947244371917,0.010411305646681331
1983-01-01,0.02900291425641347,-0.008030812123420841,-0.03378273257104085,-0.019567615788227168
1983-02-01,0.031905984241657984,0.006918601094562195,0.005540085546557862,0.015025749825759757
1983-03-01,0.023987573725082735,0.02910090972686144,0.001517986854623142,0.030673372106885515
1983-04-01,0.0008746309209106962,0.019707596205741425,-0.004122531031881427,0.008961099291029104
1983-05-01,0.07075269896975768,-0.01582671219812042,-0.015808765334244752,-0.02917684721570462
1983-06-01,0.007060631587949465,-0.03323206966240951,0.007118971632012569,-0.007566877146384043
1983-07-01,0.01071681796855424,0.049324649552742975,0.010799310071921392,0.03849377844714645
1983-08-01,-0.0457422851199219,0.050257211090426065,0.005246436436169347,0.018706775210831406
1983-09-01,0.003437662815218602,-0.002737867587320944,0.024062000289335528,-0.0007569063309416533
1983-10-01,-0.03948257028201013,0.027586375196433123,0.0067652693316938226,0.031603037458857265
1983-11-01,0.013846700166833724,0.005631167337045065,-0.010095403102998439,-0.0019404694421976398
1983-12-01,-0.008272292936872072,0.021600435594253994,0.016434244853893776,0.0066026761983532176
1984-01-01,0.005769909549330401,0.08084191137775856,-0.015420108600914736,0.03461921173097395
1984-02-01,-0.017130318960550818,0.021711769763245112,0.006528622712755866,0.010797773521911268
1984-03-01,-0.0072134127171171875,0.0018331828440115955,-0.001981626440547184,0.007136409685031087
1984-04-01,-0.015884810203056116,0.005679851196212925,0.032958208359248585,-0.0011322493644172881
1984-05-01,0.005205389591170617,0.004191558965516179,0.026678334147289914,-0.005737754502418799
1984-06-01,0.004241053620374007,-0.03476025323085249,0.024427640169543872,-0.01738401509128342
1984-07-01,-0.024031965460165672,0.0020862047548920737,0.042969750180076226,-0.025913374060420186
1984-08-01,-0.004130432910159534,-0.014257264541273532,-0.014290176619492417,-0.006921410309598003
1984-09-01,0.0021596473496350212,0.047096534972611626,0.0202049726443008,0.026519091455353687
1984-10-01,-0.01574421453893566,-0.006042093273144679,0.022553577476815464,-0.02457747234939737
1984-11-01,-0.007027259549627261,0.032297698034109396,0.015077865720432702,0.020543421317351204
1984-12-01,-0.009000883182582098,-0.004303915211024014,0.014265149440604724,-0.019830483044874215
1985-01-01,0.03137984647497985,-0.043826239742268916,-0.013688664980173224,-0.04232799902161155
1985-02-01,0.015141472072430072,0.006991790667089978,0.009676970518134525,0.0025864409257079987
1985-03-01,-0.007814578942133442,0.03551577605092039,0.014916217076413869,0.03052892301524977
1985-04-01,-0.0002626168398048457,0.03839587046996825,0.011702973193628627,0.004408995339344388
1985-05-01,-0.026517305009248822,-0.00933002124619773,0.020806116260396232,-0.017971137701712984
1985-06-01,0.0015069870088016048,0.004028067274598689,0.02897095581650472,-0.012942833897655005
1985-07-01,0.0294235940059703,-0.01199308962055658,-0.008603905959664749,1.5062337921091865e-05
1985-08-01,-0.0005904171953033319,0.020848685811205796,-0.0021617950809585083,0.020346829984445453
1985-09-01,-0.02132944146908078,0.015930625242921076,0.014771473245212795,0.019366765238621568
1985-10-01,-0.01641042081151163,0.006695037761647191,0.008442789481246986,-0.011497834319148793
1985-11-01,-0.004031055581017948,-0.034839106832993114,0.004509536288927182,-0.027924579921328553
1985-12-01,-0.004336408292403636,-0.02554851097008022,0.011510649985257741,-0.022269052481432544
1986-01-01,0.012810803458891356,-0.0012006279522128582,-0.01847266467726228,-0.02299921486846885
1986-02-01,-0.00674787279961804,-0.008407439549879575,0.009729970619422122,-0.0065643486966483755
1986-03-01,-0.003292800881617465,-0.0005713914470034664,0.008271431249550626,0.010887143769460601
1986-04-01,0.022486188190987393,-0.03322043622506241,0.03323441880063914,-0.012626487939799126
1986-05-01,-0.011916381338373139,0.0006755160743001781,0.016645258458199166,0.009551908824565754
1986-06-01,-0.008931312585160037,0.0016109549093501116,0.01365792983282359,0.013980204221933868
1986-07-01,-0.03523788071712315,0.033372069056885625,0.00690055195078669,0.005118441834892518
1986-08-01,-0.04362573313351253,0.04375082052774052,-0.010056052527681318,0.02568025365844971
1986-09-01,0.02436190180329223,0.03513396093016367,0.003832303825048733,0.031094867268905195
1986-10-01,-0.01840610301628704,-0.014787370309713936,-0.006629536698058214,0.009488380352332113
1986-11-01,-0.024359379048496135,-0.0033604028121838603,0.010645570271724043,0.008498002468629884
1986-12-01,0.0007662326861611474,0.0023000599954556902,0.014627740431116944,0.0015051700672899515
1987-01-01,-0.018475705390392005,-0.020933762963122673,-0.011444879266727798,-0.002923917464279585
1987-02-01,0.03393479259507762,-0.06735864665476268,-0.01805919301850399,-0.023672800651293
1987-03-01,-0.004691218363364981,0.029883330713139075,0.01166192107795086,0.03904140593828937
1987-04-01,-0.015831158517657595,0.0028906970100300855,-0.010660406056104155,0.012882476423016561
1987-05-01,-0.0060681691359582655,-0.0007397848436934513,0.012182420626811264,0.009925340777124904
1987-06-01,-0.024344980665352636,0.01605142723244788,0.02473237181938829,0.009572768482846404
1987-07-01,-0.00502553443658723,0.011988029378008955,1.2722078385998814e-05,0.014575932626926635
1987-08-01,-0.013614784855455773,-0.015127745833532831,0.021248719188252004,-0.018183437837993362
1987-09-01,0.006115316226608308,0.0037021764601610115,-0.012243043857011766,0.023718190196215155
1987-10-01,-0.08073730817410499,0.04261676655234292,0.022792550997370487,0.021824923783759997
1987-11-01,0.0290761566342818,0.026574019964446235,-0.003699319067106327,0.009649953206932918
1987-12-01,-0.0033107110470761425,-0.04389594307363158,0.02441642471011858,-0.023081266185362312
1988-01-01,-0.002300544421502272,0.051376882720610834,-0.01155993730644261,0.020414754561108597
1988-02-01,0.03715993976969582,-0.015312819940577663,0.02179667539565506,0.0014938280661567285
1988-03-01,0.06803855112595239,0.009109563269626263,-0.007248652685327137,0.01773610007356996
1988-04-01,0.009376530164366079,0.021097484524566133,-0.0047680955033416435,0.020015792912354696
1988-05-01,-0.02489564628719064,0.026472210226978453,-0.001967227793845488,0.0006825447805570047
1988-06-01,0.017886370643925148,-0.01860786379054337,0.017455306187541576,-0.032596461370238666
1988-07-01,-0.00316375454333377,0.0182088012780965,-0.001750283545429946,0.013777332005165085
1988-08-01,0.0008174705651059419,0.02051900008694548,-0.005568830108756348,0.01972015852120605
1988-09-01,-0.013550552657295298,-0.008742595380693871,0.02308420269855339,-0.001571922314928302
1988-10-01,-0.02562639532346065,0.021892600886602512,0.007646849390137369,0.006680150423577551
1988-11-01,-0.01696191515146765,0.012675752939940822,-0.000571044431080546,0.01410141181361206
1988-12-01,0.019568451066389228,-0.015528846323028093,0.007257076700828518,-0.0029357401625748417
1989-01-01,-0.023315198497628573,0.008691630455171906,-0.00922004814986229,-0.0041342346421729265
1989-02-01,0.029174199481846665,0.01186716614369973,-0.00564533355839557,0.01609648943527337
1989-03-01,0.008623835994106776,0.010681642695750681,-0.00016147732455439393,0.01087700257366454
1989-04-01,-0.005876115755579128,-0.008871940735715303,0.015388487284708874,0.004804571300415422
1989-05-01,-0.0007984821287557661,-0.011630537067214439,0.009816398905954146,0.0007882192529042042
1989-06-01,-0.009029149741933657,0.017185107546000507,-0.0006149718865454436,0.016271787403818825
1989-07-01,-0.04316092367443128,-0.024540191578691764,0.02441964640057208,-0.005951509231435316
1989-08-01,0.004846292973313715,0.010256475908755638,0.004634143689821572,-0.00739056178078496
1989-09-01,0.005955946177704078,-0.01362935354523585,0.011248237548472833,0.005773393013194138
1989-10-01,-0.03299241993290137,-0.010830582830525147,0.0009970522668034526,-0.006086424458897011
1989-11-01,-0.014876230019995886,-0.007677149512814802,-0.016047247669717705,0.01018033128516331
1989-12-01,-0.023040216760657838,0.004384260152618827,0.004769655002447012,0.0115827445604164
1990-01-01,-0.0094743550896398,0.015011708381960892,-0.01473090846293447,0.010614814842644676
1990-02-01,0.008261686758386786,0.002752279368877182,-0.0019260527009545454,-0.007266877457241892
1990-03-01,0.015072943147061688,-0.022031395991759316,0.021407298667000266,-0.010488513237183306
1990-04-01,-0.0056147410981303575,-0.026784960716796667,0.013818478941670188,-0.010470791982214768
1990-05-01,-0.02574882203099358,-0.03571420350897393,0.006092463636449552,-0.0128934446634945
1990-06-01,0.011312356302522357,-0.028349982080733565,-0.00040878383348125994,-0.006573849564448871
1990-07-01,-0.03208896324560527,-0.012233853017671943,-0.00553617160368082,0.029582689343362955
1990-08-01,-0.03819933838710102,0.008083858475644301,0.0012022605808283543,0.034161162312193516
1990-09-01,-0.03584167334404087,-0.01403621784573239,0.006261331161236422,0.04620392021932095
1990-10-01,-0.05430039944862401,-0.022567354977936178,0.03597145975231154,-0.0012997984364549325
1990-11-01,-0.0035166441305756677,-0.02306830547491226,0.005720074666777111,-0.05253508631075168
1990-12-01,0.004081025940400315,-0.01793253397640319,0.03001821926507348,-0.026872072875983928
1991-01-01,0.03621118473766621,0.0028371272250854035,0.006741502287539815,-0.038468816285600956
1991-02-01,0.03722031936351648,-0.005304585488183022,-0.004708847258671212,0.001233710242161512
1991-03-01,0.03662744857060822,-0.014064357758307153,-0.0030166603158824287,-0.013087453651520059
1991-04-01,0.004889381047944637,0.01517715415146928,0.009990908280438852,0.005755384043630066
1991-05-01,-0.0022055141118874563,0.0033404115000190623,0.011377873958781717,-0.02235477062329643
1991-06-01,0.001075629251335676,-0.001979304069643306,0.02173362091487213,-0.0004799140544565761
1991-07-01,-0.010167131708207329,-0.012386223962769977,0.013549013878469691,-0.007131765893449993
1991-08-01,0.01509271490076845,-0.01281706165008377,0.008158593534388282,-0.0032720491562205946
1991-09-01,0.018663121238282752,-0.009812778423836602,-0.020422212212222977,-0.0010382994184510493
1991-10-01,0.011898834789047193,0.0033358818000171486,-0.030683898346461933,0.0054852876411278124
1991-11-01,-0.011739036096692634,-0.03145106162435985,0.024860320206584394,-0.008017628024391724
1991-12-01,-0.03475518584438192,-0.03721222757657837,0.01970956741623646,-0.03170723724753807
1992-01-01,0.09920438504335032,0.04775267131826043,-0.020824360015087303,0.04026120240288295
1992-02-01,0.016754262879731564,0.061989035832125894,0.0012286184659832076,0.022794219846513444
1992-03-01,-0.009195310940650021,0.032949875695019545,0.010482574129580976,0.018278716865208856
1992-04-01,-0.06142133215936221,0.04254827281355848,0.02527575652352499,0.028975585583681022
1992-05-01,0.003907060961367809,0.01481675093128396,-0.009594753393085145,0.0024684330225500347
1992-06-01,-0.028946359046207716,0.030647116690337758,0.0011993395777139468,0.012276338147431981
1992-07-01,-0.0072250263650608625,-0.009808560028927084,0.009980398790268304,-0.007505283030252451
1992-08-01,-0.008247727851893902,-0.013687594281541808,0.03555369700196524,-0.011541228885468813
1992-09-01,0.0017176317368701038,0.0026649927774788293,0.005829143033858321,-0.008514739490195771
1992-10-01,0.02065203234513078,-0.015190359792723651,0.006472182837265052,-0.014833548141629144
1992-11-01,0.04295631158548168,-0.011673137307992132,-0.007623308000402694,-0.01947757665864172
1992-12-01,0.01953889455209535,0.024806598960575035,-1.3201215771602853e-05,0.012929620830650395
1993-01-01,0.028832059560759463,0.06273335927197704,-0.01759533598203715,0.032868217056403796
1993-02-01,-0.031452660543917266,0.0660682626510301,-0.0027803251297135456,0.04253945884402256
1993-03-01,0.0028262146536450136,0.022214817928753933,-0.008306489591424899,0.017641617954934408
1993-04-01,-0.0029193627884540017,0.03214399827328733,-0.038620611307557354,0.01893638660912559
1993-05-01,0.020173882861584946,-0.028156249037117474,-0.003716476172038373,-0.016397562186235805
1993-06-01,0.004856810907869745,0.03395874062030745,-0.0055694122899509904,0.016368153415026093
1993-07-01,0.012610863713094882,0.03561585612790247,-0.01907979717179478,0.023086492466442312
1993-08-01,0.0037731671178508827,-0.007503272926458075,-0.013428184235524124,0.0006265724679072326
1993-09-01,0.023390118079379997,0.002964904595735257,0.00036816386163032386,-0.0029555681274862303
1993-10-01,0.021237543043681438,-0.016219093382058555,-0.009914473173584676,-0.003998741982136279
1993-11-01,-0.017552714021922117,-0.016210889078683982,0.022184606340723785,-0.02188475282931875
1993-12-01,0.007237212858334133,0.0028770396868583216,0.016790062032674975,-0.0011462479806462235
1994-01-01,-0.0014449481885205756,0.03589873633824196,-0.025278596395899258,0.023938617825602262
1994-02-01,0.02063641380394971,-0.019296320433326353,0.023825063751799505,-0.011318530765116068
1994-03-01,-0.012963513224063257,0.01239831570713127,0.010553268598261889,0.012832687537212145
1994-04-01,-0.006191256509147728,0.011704827412630067,0.01633161466933521,0.013315896381853726
1994-05-01,-0.029056977801783634,0.010240923095238436,0.007198859780862454,0.002871347980787333
1994-06-01,-0.007227179806186812,0.018939956145788483,0.01343520779741008,0.014478245902995752
1994-07-01,-0.016794890609793906,0.008961907995581764,0.0007883943073427047,0.0004954154239479452
1994-08-01,0.008645933488476247,-0.034877462497707123,0.012373156558125348,-0.01385218131018319
1994-09-01,0.020566817479360396,-0.02143334284830713,0.011182659519095993,0.003890694242861122
1994-10-01,-0.019456144718714753,-0.016447557716637886,0.006987509232804646,-0.003613962536768635
1994-11-01,0.004292743148432331,-0.011522336415801013,0.0111410341909189,-0.004269955338686279
1994-12-01,-0.002439817021731543,0.0009088784014625855,0.016509414450711565,-0.0025105189314930674
1995-01-01,-0.02558967977490124,0.01734750240685763,-0.0008042976276588102,-0.003122349765128567
1995-02-01,-0.011401736210073291,0.009761082182569977,0.0076292696963248495,-0.005539815095575794
1995-03-01,-0.010638388559106152,-0.009129490573160735,-0.004928980421326869,-0.0025949193371739496
1995-04-01,-3.717134046837128e-05,0.01320099217665804,0.010115159222968486,0.014282628227762257
1995-05-01,-0.015257454609467348,0.01243327129524329,0.010110111808760817,0.006302659609665931
1995-06-01,0.02855833289347682,-0.027473995906387542,-0.0014204295236673187,-0.02153240758650983
1995-07-01,0.019102589244063967,-0.01654813297879614,0.0006295909687479145,-0.021478183758735503
1995-08-01,0.023137615121979857,0.014755927287452576,-0.008222870774025013,0.01695071501394886
1995-09-01,-0.01653846160149706,-0.01114972155200225,0.005754004695133222,0.007013117894691286
1995-10-01,-0.056505392367667745,0.009795498540107788,0.018918316147700162,-0.00040798337109183846
1995-11-01,-0.0037868984794395127,0.004278257026013643,-0.005210143412826697,0.020308224445864956
1995-12-01,0.00893266343171371,0.007679151513818013,-0.02283058737654358,0.03188566003498412
1996-01-01,-0.02088947691080078,-0.0009634254142164202,-0.0014662398718480341,0.023629157634822248
1996-02-01,0.014185396034968,-0.004409371639482594,0.006556105209330202,-0.01643016249373619
1996-03-01,0.018287280155663294,0.007244484869485974,0.0032006895427711714,-0.008555964692034783
1996-04-01,0.042697582454384694,-0.018697429876590947,-0.005339649880902277,-0.023480856987880216
1996-05-01,0.04223067687190503,-0.003878593842091556,-0.01555972142076674,0.014917823063786369
1996-06-01,-0.04134493720658336,0.0020613929120355673,0.0316446960798528,0.01012370950739554
1996-07-01,-0.038427851225967674,0.05353461900282265,0.034833087941163146,0.033574068610530305
1996-08-01,0.026780729840214835,-0.00393929235080822,-0.011121516461616555,-0.02802491354599967
1996-09-01,-0.018101852777988946,-0.030678213325882327,0.010970498181658468,-0.028530649210486057
1996-10-01,-0.03990125912778496,0.05337130420307836,0.01147247625282415,0.041270732930385384
1996-11-01,-0.03687962547711962,0.0012720616806584165,0.046615108707740126,-0.006498621374306832
1996-12-01,0.027999864771626724,0.01355792559232906,0.0006024339944646507,0.02160580365403067
1997-01-01,-0.021451274297160858,-0.026640184981043757,0.01864028163037726,0.003738182446802449
1997-02-01,-0.02257989880241067,0.0541642116695978,0.015995679942773167,0.034665883225016875
1997-03-01,-0.009153001530704821,0.0359245198727581,0.009884320709677208,0.023086371137687703
1997-04-01,-0.06288934935290942,-0.0008526229717173081,0.051719462901695046,-0.011513701978702608
1997-05-01,0.04652879122070362,-0.0406592957371142,-0.010924265880726411,-0.027759379793583436
1997-06-01,0.00862403235435242,0.019467663730371683,0.006810347100453883,0.011576390946083322
1997-07-01,-0.025053334731674752,-0.0025532518699824397,0.007357348353892443,-0.023608926558095995
1997-08-01,0.07737495681309549,0.012153070210003978,-0.01161716443725139,-0.002359725455282312
1997-09-01,0.02637042998497427,0.003521478789136237,-0.017526508994911087,-0.0028472343045038706
1997-10-01,-0.006892561880128968,0.021698560292683446,0.009315242658038021,0.02025803158843513
1997-11-01,-0.050085453755865164,0.007917180799600798,0.03094231415538315,0.02206093813095129
1997-12-01,-0.015025060659691778,0.03912476876122015,0.01255616259807162,0.024543454486937274
1998-01-01,-0.01449821978911406,-0.013798985264608394,0.008833501611266092,-0.00816151137378511
1998-02-01,0.0026676104647775922,-0.00788278392917599,-0.0008023964732473271,-0.019439209795716617
1998-03-01,-0.007043759130756104,0.012820716335700949,-0.008269337343472204,-0.000145339131840741
1998-04-01,0.0010885141750129664,0.0023295739047031593,-0.007242929796744313,-0.0024846166072854704
1998-05-01,-0.026640964170314887,0.02917835633931201,0.01578435781485918,0.0257725654444765
1998-06-01,-0.036727504218288826,-0.023310999493530098,-0.0019008891876584055,-0.023610169845986375
1998-07-01,-0.054629212561726904,-0.011544632090231807,0.01837573127355705,0.007206655573635465
1998-08-01,-0.053728469218735864,0.04188717828999225,0.01769445743600334,0.06034600197635265
1998-09-01,-0.005033062049464028,-0.03743958591572227,-0.01894927151245357,-0.031691528344680836
1998-10-01,-0.034834948299911295,-0.027782779580978037,0.014363814198843423,0.0030935875976306065
1998-11-01,0.004402611777537195,-0.038201579086215263,-0.009671122457635573,-0.005726304562263862
1998-12-01,-0.015400873943222815,-0.04505278533119082,-0.017553514599631878,-0.04040027809173625
1999-01-01,-0.00996896176696379,-0.0539876617586227,-0.02801910998159065,-0.06504176326086751
1999-02-01,-0.048098939033515066,0.022586191993093363,-0.009664174360941358,0.037872500696309375
1999-03-01,-0.04551983451507178,-0.03262785902753319,-0.031790875872618245,-0.01315761551578423
1999-04-01,0.050423709939887706,0.03082536751059599,-0.016207636389064875,0.005955494953897522
1999-05-01,0.041893364012780133,0.041156212455914734,-0.0063085082573210525,0.030164052239589356
1999-06-01,0.015317175043823676,-0.0464010230740911,0.015414577434286439,-0.02362966527242072
1999-07-01,0.022071547369977712,0.0004935721475912216,-0.004836561139872155,0.03119964400021069
1999-08-01,-0.01610897248134056,-0.01621456380735541,-0.0005594888909041633,0.0003477962187955659
1999-09-01,0.022172353564140466,-0.03526341816837927,-0.00803301179193423,-0.004923169340771496
1999-10-01,-0.07416627640240903,-0.03869377672993037,-0.013583882849110922,-0.009872209725304115
1999-11-01,0.059253451908266086,-0.07555314689404426,-0.042537030263666314,-0.02688791380199105
1999-12-01,0.050485587873126854,-0.0815582858801584,-0.0888250444301558,-0.04994478905070443
2000-01-01,0.045145381196664475,0.0010608154883329432,-0.06820423547440624,0.04252953971477866
2000-02-01,0.19392549907483192,-0.11432883061037327,-0.1944247816470522,-0.013468622295186194
2000-03-01,-0.1535467357758871,0.0822928678873578,0.11864150021462955,-0.00373399139434874
2000-04-01,-0.05702788423456707,0.07020167914437388,0.08683806463589919,0.05030142507886472
2000-05-01,-0.042055702314349075,0.053379427276223176,0.034590654612825344,0.011278030621166939
2000-06-01,0.10772262227619306,-0.10590603737678247,-0.07084157773318092,-0.03338679750146692
2000-07-01,-0.0014679087163562213,0.06195882731530752,0.051169394491632283,0.03247699347605802
2000-08-01,-0.004214030520682907,-0.019104953223953433,-0.03297293865253857,-0.0037204512321439703
2000-09-01,0.008536578659325694,0.06514597932777072,0.04104175892360395,0.05707086576033636
2000-10-01,-0.025543109597299083,0.026718018712511973,0.08694043296872907,0.035530896629894775
2000-11-01,0.004270361795553804,0.09999578402309817,0.12994668159857625,0.07650370391998523
2000-12-01,0.0395614962653006,0.0506209796649395,0.022703722245981606,0.05426517829918561
2001-01-01,0.05175381121209874,-0.02503579408953254,-0.052023451629058914,-0.04994842344970901
2001-02-01,0.03434344296063058,0.11227615561823616,0.0888695026523503,0.0884408288375105
2001-03-01,0.028252939702781754,0.056358683630660864,0.030164598720977237,0.039298396398444665
2001-04-01,-0.015090303225294463,-0.03021028844192425,-0.037115892517815004,-0.03461456555087511
2001-05-01,0.041505408683632214,0.02448429969632891,-0.0008109793401917531,0.017361802689333614
2001-06-01,0.06777799111236178,-0.02398486403053079,0.011094509245672736,-0.016077203860208944
2001-07-01,-0.026401662682555463,0.0363892510324787,0.07398542118784628,0.02900781827343494
2001-08-01,0.027334626241006126,0.03482187442032665,0.03935268375878255,0.06343188930511844
2001-09-01,-0.06017694451129724,-0.0030836942211029256,0.05422361298923374,0.030959720997175963
2001-10-01,0.04436393004939625,-0.03908232113270351,-0.04221800948430368,-0.032948916506970294
2001-11-01,0.007871023824698162,0.0020076200118956528,-0.029086836739709132,-0.016973234282108812
2001-12-01,0.05041715236629396,0.017495584007050424,0.003328920205929481,-0.0014202354564172917
2002-01-01,0.01578921737093017,0.02811335638050171,0.04835782496126551,0.02496536648546689
2002-02-01,-0.008653060214924353,0.02752524480659064,0.07878344547964423,0.047349924143706285
2002-03-01,0.04274167386971436,0.01671825049533538,-0.01714106893332766,0.009084404177191377
2002-04-01,0.06771360645168936,0.05705378882146229,0.05108261946709942,0.0450634070299627
2002-05-01,-0.03162945690945689,0.020167938365743397,0.029534573913483873,0.02427352548728757
2002-06-01,0.03148338080046963,0.012646354372008499,0.03520990373767885,0.02406437183797945
2002-07-01,-0.06343875177754664,-0.030160306705519224,0.04179668326345154,-0.007967817060489712
2002-08-01,-0.0117869896941954,0.017044090745900367,0.016472550528058454,-0.017391688798414472
2002-09-01,0.02643313786647465,0.01284628279701186,0.03107446154543926,-0.02852421726835544
2002-10-01,-0.04056822639538034,-0.0538804911091669,-0.029860820581012408,0.010130614742075925
2002-11-01,0.0357426648898682,-0.011408434831857148,-0.09201769546961434,0.05901847479483789
2002-12-01,0.0020830857248939696,0.036093098400418716,0.060899866115112895,-0.023957501200755328
2003-01-01,0.005267601712324113,0.0021323160378430607,-0.006943250900408548,0.006670424222010151
2003-02-01,-0.01123267762356055,-0.017581372718930156,0.009042046543674218,-0.004985502868039768
2003-03-01,0.002185553037620351,-0.010509213752702811,0.006965231768053344,-0.00437548479847498
2003-04-01,0.016608099466343507,0.0011265732596640043,-0.038914178794789756,0.016242861686320373
2003-05-01,0.05598619595612692,0.007504268085824259,-0.07311724605439386,0.02980592419703168
2003-06-01,0.015811555851421334,0.014176208507565013,0.004207903994835022,-0.004537461155096303
2003-07-01,0.04786396514630423,-0.015143507513757197,-0.03579621822543525,0.01979681734136427
2003-08-01,0.027731274715559,0.014876306847042615,-0.03216135890689707,0.024513430516453223
2003-09-01,0.006290370927931258,0.01603743028020272,0.007398313671074424,0.0008719553595225998
2003-10-01,0.030685388583664597,0.022253234485736823,-0.01575903354175197,0.020023263635616143
2003-11-01,0.0259623221770946,0.018737365515871903,0.0022637311513106634,0.01223301875628445
2003-12-01,-0.024238529678761243,0.02616155708104268,0.00016740450477957525,0.006825622902098795
2004-01-01,0.029447349639830384,0.016788566049484942,-0.040082981644698194,0.023970246591009173
2004-02-01,-0.009957077892131997,0.005306914764918818,0.0181973873095019,-0.018123620829388072
2004-03-01,0.020320964350100376,0.00257071403311516,0.013343429704139455,-0.010114488031329992
2004-04-01,-0.028317073105284467,-0.02895336378372048,0.03835322721672842,-0.027280725625106358
2004-05-01,-0.002921565846125667,-0.005806943330706842,-0.013460707689177665,-0.0004905468737536299
2004-06-01,0.02540042423616441,0.01321774600690397,0.013503000857211806,-0.008030571760163148
2004-07-01,-0.029907583117730376,0.03600278284236869,0.04884525249152025,-0.017515200831907295
2004-08-01,-0.012726329728169124,0.012497655892698419,0.017954840736962314,-0.010332924403837526
2004-09-01,0.03394096620685299,0.0018046458596811775,-0.014996633657048217,-0.01554934927211796
2004-10-01,0.002376928290522785,-0.009748383969610034,-0.008639101704908685,0.007725083088640273
2004-11-01,0.04236537102920123,0.014495250019014826,-0.011717887222188611,-0.0022460243390543533
2004-12-01,-0.0007587862792557479,0.0011065531188151068,-0.01239995444142733,0.005649367416223454
2005-01-01,-0.014094453862331248,0.025145900601691834,0.026814139575650757,-0.012245690311281615
2005-02-01,-0.0020681504319415775,0.019071382207374227,0.0013698064877686444,-0.0023364289696973448
2005-03-01,-0.012162303152846988,0.01284539091740216,0.010237409229423192,0.010512046603638033
2005-04-01,-0.04182637171145888,0.0028622838233405418,0.013762630924032841,-0.008548619580227367
2005-05-01,0.029520223602681327,-0.010130564144672505,-0.014730910403418375,0.0010714091856560345
2005-06-01,0.03139032818226477,0.024985383061024657,0.002307628498236708,-0.004427707064084199
2005-07-01,0.02622871468339711,-0.008927286487260898,-0.018151046666984347,-0.004848291126518113
2005-08-01,-0.007468733691033038,0.011746025753170422,-0.018134417445358018,0.002735205017224452
2005-09-01,-0.004570044895739837,0.012946151422234046,-0.0055344611589151485,-0.004099477685188443
2005-10-01,-0.015313311917693084,-0.008669203047952687,0.002825530304652376,-0.011853156745935914
2005-11-01,0.007327214050790912,-0.017941488069177676,-0.004670498636627163,-0.01277426700615572
2005-12-01,-0.0019917531747687223,0.004612039022382325,-0.005323608361818412,0.003410427434843025
2006-01-01,0.05832356720909827,0.005939023240030934,-0.01542422924609299,-0.0020407873986489564
2006-02-01,-0.0026315547487725482,-0.0030602301143489957,-0.005614880864316312,0.01926682531494292
2006-03-01,0.03341379968105367,-0.00015139588178270103,0.0024354665724393813,-0.006549531632591445
2006-04-01,-0.007520424301235375,0.024563864673816445,0.017714894470101106,-0.0017439110239854986
2006-05-01,-0.02722794204803352,0.02702394142394008,0.012975223532879748,0.015938322563486394
2006-06-01,-0.003105950304408728,0.00928461660320148,0.012013555837586554,-0.0034169786435182437
2006-07-01,-0.03577976916913044,0.03037675604265311,0.01424551526764974,0.010404200890941701
2006-08-01,0.00428358589431414,-0.020661498835843374,-0.01591004634309927,0.021412047675100673
2006-09-01,-0.012122606791124951,-0.005890599754148778,0.011026241379032953,0.004464229776171088
2006-10-01,0.02092500092206371,0.00048668129662989,-0.004881021686922615,0.0023988357466963386
2006-11-01,0.006936920381271756,0.003625725575946717,0.0006798456932816041,-0.009260689703653624
2006-12-01,-0.005729549546388449,0.024727706306118806,-0.0035968173767675356,0.019126778853611352
2007-01-01,0.00042024016242301135,-0.0021539460409348635,0.0020766575009347407,0.0019803018408462887
2007-02-01,0.014386421536114738,0.007334819454277831,-0.006130525005269975,-0.005788689502907023
2007-03-01,-0.0014117681070594029,0.0005945913335693512,-0.0026249269043094707,-0.006245304899242586
2007-04-01,-0.02168529182207415,-0.01314405019689005,0.007511959274360987,0.009539490604936293
2007-05-01,0.0015096334586757743,0.0008174042078394478,0.01573703744753363,-0.015284642994291983
2007-06-01,0.004846013824814827,-0.006558200144250095,0.0062511203952077266,0.0008382463930245304
2007-07-01,-0.03256414687814684,-0.03326253130059394,0.0035570343275574123,-0.011678674283241701
2007-08-01,-0.0021477349057935774,-0.02626240450901983,-0.00657201323432366,-0.004583870707803363
2007-09-01,-0.025631275556023982,-0.019784788472939355,-0.005891036077301945,-0.027830350274085966
2007-10-01,-0.0008791335405892511,-0.020729398643055456,-0.009571093862686742,0.0001447434613786741
2007-11-01,-0.031069073421672685,-0.013958834918742655,0.020232070096421556,-0.00040458776848732725
2007-12-01,0.0004743650568769051,0.0003162937918017132,0.0033620851762175786,-0.010457226023406999
2008-01-01,-0.004342792286656079,0.03443013183203466,0.027316957669127603,0.022031552545873967
2008-02-01,-0.009046694218613836,-0.011416337113179322,0.010284410041383928,-0.01066748342739049
2008-03-01,0.006828719172421671,-0.001924366111465358,0.015780677144740445,0.004125282834749016
2008-04-01,-0.014448751864837121,-0.0016312798244924806,0.009862886504993687,-0.023210212468725636
2008-05-01,0.029690964050808503,-0.010543529586538224,-0.0035485978126219564,0.00016143705948120507
2008-06-01,0.007309812524171275,-0.012940689989890689,0.03389658816130703,-0.006565648878325225
2008-07-01,0.044654776142708415,0.017177997509218716,-0.007285772021017849,0.0143601078570049
2008-08-01,0.0355990879595856,0.017183989479899846,0.014978058452056298,0.008543675053130664
2008-09-01,0.011400891760925319,0.030716362070138198,0.042986865051543366,0.023159218401697226
2008-10-01,-0.033810335532088676,-0.03804869702388544,0.042452004871659565,0.017242642737307134
2008-11-01,-0.047828270498368144,-0.055971647860047324,0.03715945994109554,0.01899059523146071
2008-12-01,0.036062630437170215,-0.005880484299097644,-0.004386656340671279,-0.011101577314950636
2009-01-01,-0.03551703405685304,-0.09877855829497795,-0.016689709027469274,-0.008594275545213345
2009-02-01,-0.019716143212922824,-0.06930344733263952,0.01702788974023557,-0.013174326509953399
2009-03-01,0.011513167698856727,0.026073858265025618,-0.01571179723199362,-0.024675780553926843
2009-04-01,0.07185552766800485,0.061292756327301384,-0.0031587238097347814,0.0036250175153560715
2009-05-01,-0.024403429171850177,0.007962921096924272,-0.015083270948748,-0.023312962905234727
2009-06-01,0.021655961673860708,-0.028826863267907815,-0.019611828922488975,0.00297309650328929
2009-07-01,0.030610998576261858,0.04439005356618625,-0.00839879535699578,0.029811970228614676
2009-08-01,0.007166462303236809,0.08093278838867568,-0.0211137734935026,0.031146417125351926
2009-09-01,0.03017973115309905,0.015134052708009466,0.005618044306964824,0.004147387694773436
2009-10-01,-0.05356608911532981,-0.0447272575245294,0.04961947261095239,-0.0178012989967527
2009-11-01,-0.028639101278819665,-0.0009960365540984811,0.010085034618908084,-0.0018888990221436822
2009-12-01,0.06203297897596153,0.0054345245597413605,0.0013579558191758462,-0.005243655157081209
2010-01-01,0.007066462081522354,0.012068564123157634,-0.01569225162592416,0.00811505872699577
2010-02-01,0.018379103980615333,0.029324492155386565,-0.006519100568003179,0.009199684891832281
2010-03-01,0.019939915987640666,0.023576924007059963,-0.010754211638551114,0.013795677424576908
2010-04-01,0.05358922992484805,0.034644722019464225,-0.006706998276778196,0.022993550559336384
2010-05-01,-0.00447683245809026,-0.030641098995026497,0.012887681943899998,-0.003469199882330326
2010-06-01,-0.02909962165381587,-0.04960433684449765,0.006557327474511321,-0.014566982868231784
2010-07-01,0.0011443574631394837,0.0032932449294953425,-0.000322899132525839,0.0238810779314726
2010-08-01,-0.031109205991433908,-0.013619045018701259,0.00893192364857541,-0.026702821375650443
2010-09-01,0.03442160771890089,-0.03158237223962021,-0.0014138402782347126,0.002581131940969178
2010-10-01,0.0033247813850553268,-0.01977447199145417,0.012165594584136519,-0.004617616916923292
2010-11-01,0.03141869310244393,-0.006183887680321947,0.004358289879822928,0.011315058867709709
2010-12-01,0.013356672260346925,0.035753537142280925,-0.040042407492915086,0.03961387798402696
2011-01-01,-0.02038711561599209,0.006147691018337118,-0.009986012852583296,0.014088423904091926
2011-02-01,0.020336622662564335,0.011655236607646502,-0.02071879300051823,0.007802541392040757
2011-03-01,0.02329342430765089,-0.006578830365396355,0.013290062742731234,-0.0010088314336160857
2011-04-01,-0.007375925965584961,-0.022177509099336936,0.009744416471514153,-0.010190040136757117
2011-05-01,-0.00964833403250424,-0.011948283506423574,0.016831689304131918,-0.01916654395540529
2011-06-01,-0.0038138188054059365,-0.004721320318257737,0.021351076399005138,-0.009563216942540274
2011-07-01,-0.015530387710960956,-0.010834554753126804,0.024286874044822146,-0.014627149293350308
2011-08-01,-0.033988852924171,-0.01070752492355255,0.03175156226626934,-0.006551721755327464
2011-09-01,-0.03697816332436847,-0.008466356712977019,0.021868622382480524,-0.003182525800356689
2011-10-01,0.0343930500392642,-0.007617881858475312,-0.015622773415673974,-0.008300021616535092
2011-11-01,-0.0022252666656640977,0.0013936707062222184,0.01363139062035854,0.01636730656732417
2011-12-01,-0.002776317253191834,0.02294050116121563,0.0017496266181361892,0.026891653962828575
2012-01-01,0.022080472586724326,-0.025177299230505948,-0.013755804065641815,-0.010312110524990016
2012-02-01,-0.01538386006718456,0.0017045854285600986,-0.006164903466086696,0.006166985819266696
2012-03-01,-0.004164184568199714,-0.0003591712676395478,-0.003212246041104143,0.010596062366685213
2012-04-01,-0.00564160415971383,0.0006477507403272378,0.009454811140007327,0.004126402748566115
2012-05-01,-0.0018945291842371106,0.004015837745300996,0.01982612579481198,0.020126758190027877
2012-06-01,0.01146636688358068,0.008217475580476724,-0.02095843396076444,0.006129340188398745
2012-07-01,-0.02697493400503881,-0.003124809076774475,0.010703146566937261,0.002439092317502659
2012-08-01,0.008836809058945919,0.0026795477960678687,-0.008436109377118299,-0.009768318520842832
2012-09-01,0.009436346018752092,0.014982350974628245,-0.011966336021584829,0.016685961308885413
2012-10-01,-0.004277643181832469,0.03626949541371754,-0.00809471532485959,0.025120923396568885
2012-11-01,0.004440769299380488,-0.013519224688802943,0.009811008547826981,0.012620448255231148
2012-12-01,0.022679842663565944,0.030340388566337986,-0.017040004547498343,0.0051640718733441116
2013-01-01,0.006685200080912432,0.00907347505790828,-0.016505176405342548,0.018358685947157144
2013-02-01,-0.004008217485485108,0.004799322222939956,-0.0019340582654248078,0.005437011775223688
2013-03-01,0.00846202668116984,0.004933230089296345,-0.003005395057949743,0.011060896767154695
2013-04-01,-0.023842244045859686,0.004392871751006927,0.0005557939197059682,0.004074505242484127
2013-05-01,0.024369793865190174,0.013792066918945953,-0.004967929337016175,-0.01194412498974759
2013-06-01,0.010197683130204005,0.0008321080601873497,-0.007979604696346449,0.0010633222412483063
2013-07-01,0.02068066140089115,0.007589937591856971,-0.015688286263358227,0.0049912070489187554
2013-08-01,-0.001973049964531022,-0.022713324279082334,0.008247042621661125,-0.02425579019378645
2013-09-01,0.026150301201025815,-0.016249893698138063,-0.004637816793936413,-0.017487864900837473
2013-10-01,-0.01496167312092131,0.01655407898330527,0.034343298988711024,0.0074707106381785154
2013-11-01,0.013293283731104815,-0.00605438791728917,0.00786310348696398,-0.000916579791211139
2013-12-01,-0.004155742870013669,-0.0037461719535938215,-0.007860621534516783,0.0008249073712851204
2014-01-01,0.006265103366423042,-0.011131249049651924,-0.04734965857438054,-0.015109683346311034
2014-02-01,0.003270438707400729,-0.007015908271603449,-0.004060544550857401,-0.0027844753973739755
2014-03-01,-0.009326727677823906,0.041323381876098866,0.02457171800152875,0.023485695991931517
2014-04-01,-0.04311429217182612,0.01683828879162524,0.03013574255185899,0.010696363448865851
2014-05-01,-0.018481330310951394,-0.003935014132602896,0.001391731758075691,-0.011088357493734012
2014-06-01,0.030449757675874645,0.00016286076636502084,-0.023394341630433566,-0.02090612967853147
2014-07-01,-0.040579772780700796,-0.0015026456163928018,0.01660974964416795,0.004499863402884843
2014-08-01,0.004320280047493172,-0.010744234387485271,-0.01193818532383116,-0.005245620377325379
2014-09-01,-0.03761711713889779,-0.019706861141475684,0.010787268688626027,-0.005184025130038232
2014-10-01,0.03652539422839593,-0.025930363515066824,-0.004178566362414357,-0.003780416525842767
2014-11-01,-0.025726818760216888,-0.036552349659180944,0.01697475037137714,-0.0040492746674995785
2014-12-01,0.028451936223620102,0.01655830347130282,-0.01783580068993989,0.009973103709346743
2015-01-01,-0.01219605341674148,-0.032751750420570616,0.005355614864733398,-0.01582283826793825
2015-02-01,0.0036407657886291522,-0.021200672209950283,-0.00025440483065518327,-0.019461487823701967
2015-03-01,0.03219451369639406,-0.008181929970248553,0.003064020977804967,-0.006748579388007419
2015-04-01,-0.030030642783371947,0.019789879935864903,0.0025916284854389923,-0.004376935861593831
2015-05-01,0.009264186112910057,-0.0223122843687572,-0.023902638976889823,-0.008478149747759438
2015-06-01,0.028779521151293723,-0.008312673204907218,0.009520980982272617,-0.01705376669125701
2015-07-01,-0.04674398191805363,-0.042840436491867806,0.001335230356254333,-0.01808067027827327
2015-08-01,0.006560671659778021,0.027702959493901794,0.01023367082963185,0.013607967590590318
2015-09-01,-0.030547503052046256,0.003317419462606004,0.019413068179508303,0.001794303781897058
2015-10-01,-0.020710821788344325,-0.007455954845426445,0.004873852257377936,0.010033933042168361
2015-11-01,0.03725981432347096,-0.011331612337853333,-0.02797068417531833,-0.010203795395222124
2015-12-01,-0.03124563672913054,-0.02191692103778077,-0.00319076872398108,0.003319859728648261
2016-01-01,-0.036549836296334286,0.024885936466646358,0.039882167815229214,0.033326147281174834
2016-02-01,0.005328347911306628,-0.003551057205623603,0.03438232712431337,0.017688250197913712
2016-03-01,0.010473516781382863,0.016063357886818105,0.007107643437906971,0.00041520183301749225
2016-04-01,0.014900300599522787,0.03160992657858781,-0.027119537154787196,0.013293351298308198
2016-05-01,-0.005083877110422715,-0.01770377075053265,-0.01157282078720188,-0.023420578950024806
2016-06-01,-0.00043699095907048964,0.003579017106782456,0.004749664858813374,0.014591483263873769
2016-07-01,0.028545176799548648,-0.01608419243547158,0.005509774161865877,-0.010416050024241175
2016-08-01,0.014954668910341026,0.013111009403621969,-0.008772391685496882,-0.003822096913489798
2016-09-01,0.017180230261468966,-0.0006652722980595091,-0.024835734536213343,0.0014025833864618979
2016-10-01,-0.03809618141516993,0.031852926123212444,0.020903266062622473,0.0006001609758570781
2016-11-01,0.07080801568368845,0.06441288359951546,-0.0027403689528211622,0.02520704548618735
2016-12-01,0.0021698687285354526,0.027617617800528137,0.013732508457026131,-0.004666008432342229
2017-01-01,-0.013080795588757275,-0.021378330563816682,-0.005312026725563471,-0.015576517956175583
2017-02-01,-0.023215611447607573,-0.02222711494180951,-0.0022116200077831535,-0.023465578264480164
2017-03-01,0.002378535960049442,-0.0318665765568006,0.004584924960250713,-0.011923352699562212
2017-04-01,-0.0010042107777790688,-0.023902268250396236,0.019321913490356925,-0.01885150189747362
2017-05-01,-0.031181027265693516,-0.03365867806320418,0.017485771193023594,-0.012466548490305176
2017-06-01,0.026628550666696574,0.006962197164277505,-0.02765028742291755,-0.003728272908097973
2017-07-01,-0.014730239267803452,0.0013332777316279795,-0.004004182529770332,-0.0070001151677339946
2017-08-01,-0.019666085920423165,-0.018735042986683582,-0.0013670173741183352,-0.026951225417405876
2017-09-01,0.04433832078766475,0.015018373400028207,-0.005858967650660379,0.020277465970107413
2017-10-01,-0.019063748455525113,-0.008982700854716365,0.009854516646465618,-0.034664293456159886
2017-11-01,-0.0050041721578991845,-0.005049151675247304,0.02283045736317714,-0.006873641019824597
2017-12-01,-0.00919471158161278,7.210386151684095e-06,0.006233128844585316,0.02040816749148907
2018-01-01,-0.027758764443085965,-0.039086663216620944,-0.007501277924656075,-0.017580195931118002
2018-02-01,0.001649793006539807,-0.01924644419526203,0.004598232845851966,-0.02569694145877036
2018-03-01,0.03570670662503485,0.00339572636124113,-0.010532673164520653,-0.0024768011878533117
2018-04-01,0.005973254034564516,0.00902834872453356,-0.02377613259975647,0.0028908502836543174
2018-05-01,0.04321090128242615,-0.03195413722133274,-0.015618390854760349,-0.012230054788816648
2018-06-01,0.00019477068351785465,-0.00884526363165898,0.009984138650849062,0.0043141717910545095
2018-07-01,-0.018831895183145823,-0.0013451702699819323,0.01911795035918336,0.007581276472357238
2018-08-01,0.0054150987299798545,-0.04414855575505067,-0.0009865310322676804,-0.030363856289710205
2018-09-01,-0.02577425142162419,-0.008756560726259062,0.004335072112792698,0.006516937457947304
2018-10-01,-0.04231649605302781,0.04274501937846982,0.009268342221334963,0.03274955734480922
2018-11-01,-0.007878593042843919,-0.002703704048797502,-0.004198533595906545,0.0006852987355229143
2018-12-01,-0.029599555370537586,-0.01496039829840523,-0.00610537887747635,0.00044895952206135126
2019-01-01,0.030816969098957786,-0.0012544676448809633,-0.010316190861028834,-0.012413258540338368
2019-02-01,0.014744001178721579,-0.03312182215923892,-0.0008848099315301727,-0.022728129990074675
2019-03-01,-0.03675615341502905,-0.02859343612992126,0.0012960570490128968,-0.005828005253559431
2019-04-01,-0.010870997910557456,0.005600984340795562,0.021515475203879624,-0.01739751844530547
2019-05-01,-0.016867394537977698,-0.0176882429035376,-0.01462540233893704,0.011133359076355986
2019-06-01,0.001270201852568445,-0.016564829705243034,0.010542517336115775,-0.006287618237708376
2019-07-01,-0.016288658970707838,-0.007786372287236018,0.005549049041290241,0.0037138040762357714
2019-08-01,-0.041553788021662985,-0.04606649812682307,-0.004513245054898411,-0.014742181747058054
2019-09-01,0.007677827341527669,0.05541551671960762,0.02854379300224394,0.03216981077200116
2019-10-01,0.0022019008135869753,-0.021207351887858807,-0.00019305361744738,-0.01231168892052404
2019-11-01,0.0033244180665398526,-0.017208185901602835,-0.020507030036784835,-0.014496038901646108
2019-12-01,0.012565370966174633,0.014562173385165363,0.0032032686540288194,0.015318158088169796
2020-01-01,-0.04783319140024189,-0.06619896601614905,-0.01424736963812882,-0.02475441312797899
2020-02-01,-0.0017993173712552851,-0.03861285581441723,-0.016993935205210642,-0.028486024053432632
2020-03-01,-0.09868926946963671,-0.1348690047250725,-0.00983920722851192,0.006613057352155505
2020-04-01,0.03064573397831316,0.010793908232600041,0.015175089987546797,-0.0036638430031054325
2020-05-01,0.016872780616525238,-0.03620864375238359,-0.010043855488223619,-0.032561062972148835
2020-06-01,0.01975350791642817,-0.03192828993210826,0.004205824568191088,-0.00031858405986986277
2020-07-01,-0.028306106216781982,-0.018797769076589303,-0.0004167044415242585,0.0013233163620037097
2020-08-01,-0.009380137451739393,-0.030909403164417426,0.043061408873006995,-0.021668476305351403
2020-09-01,-0.0011505988315715643,-0.0168248193311136,-0.02223900603739916,-0.014638879564692796
2020-10-01,0.046372533913433,0.031813227823652264,0.0032966025072558216,-0.00489730345103237
2020-11-01,0.08086135671686556,0.03956508248922544,-0.022628854728320408,0.024644783051507912
2020-12-01,0.049289115906506545,-0.022626152870104388,-0.01581448176513453,-0.0034139495765373035
2021-01-01,0.08769343438513008,0.07645195220256307,-0.01900592404768703,0.059080151607610654
2021-02-01,0.042073118454346525,0.038785535980684196,0.009359631883803204,-0.012904833866083674
2021-03-01,-0.007314227879571419,0.0775509839724884,0.0740788647187407,0.03397758978297009
2021-04-01,-0.037185397252046816,-0.009730099223739703,0.027975227231003773,-0.030571290125340916
2021-05-01,0.01948619620258936,0.08342141844405597,0.03314535355158081,0.03058831042434446
2021-06-01,0.0022271675976361753,-0.041361402837710566,-0.027281848806883332,-0.025163582363387785
2021-07-01,-0.047717852541915455,-0.021594811894380176,0.060794966976782876,-0.007896109974014826
2021-08-01,-0.008136189771293219,0.0013310042534731246,-0.0046517072730007,-0.02390568631723205
2021-09-01,0.018196137614720477,0.05187056186298086,-0.014556347926029795,0.024386119017546254
2021-10-01,-0.028492014932808007,-0.009902829705283056,0.018887209181102795,-0.015197731095316545
2021-11-01,-0.018943175875225364,-0.016957555700020818,0.07919189152784303,-0.0017931519538847002
2021-12-01,-0.008944350216174225,0.03337783039061826,0.05011939846967591,0.04580855285458392
2022-01-01,-0.02909003267572735,0.1185851421772702,0.002132548004865814,0.07681275956953498
2022-02-01,0.03582801057458586,0.03315239891722523,-0.017980197252351428,0.04273847698076487
2022-03-01,-0.018919776426095707,-0.008786748455092953,-0.013519283193168054,0.03484498817503082
2022-04-01,-0.00015390857883219866,0.0641059524270633,0.03571788047693743,0.05881005144341034
2022-05-01,0.007973272886330074,0.08241901300898653,0.015422985204486336,0.04005982490381922
2022-06-01,0.0025305619716835814,-0.05445204872003341,0.023097755938155287,-0.05007205738612336
2022-07-01,0.015345730149604372,-0.0560011328786888,0.019265628407841545,-0.06270427686404936
2022-08-01,0.016932120485601092,0.01310867380162676,-0.049074649622070414,0.017670510371665143
2022-09-01,-0.009884299957178475,0.00020338235800304583,-0.01017831575325348,-0.006137013047144299
2022-10-01,0.018487610185727116,0.07196670966555457,0.04397837499879113,0.07135255019555482
2022-11-01,-0.03183918701846397,0.012689719879153821,0.06063035009401112,0.03286048417745037
2022-12-01,-0.0013404119898092343,0.01602886640969029,-0.0037980162306050294,0.04487574091351492
2023-01-01,0.043683453542903636,-0.047024011511465034,-0.025911811278494207,-0.04842546202899807
2023-02-01,0.0026654154426175615,-0.009238233821704217,0.019066921468823224,-0.010249622679816776
2023-03-01,-0.07742773558241264,-0.0949511154318403,0.0260203753751262,-0.01861086363084117
2023-04-01,-0.02726864962913126,-0.00018184224748155672,0.01419243381147563,0.027481918745857713
2023-05-01,-0.0036003731896301584,-0.0818519460815231,-0.018362194271537784,-0.07196786327496464
2023-06-01,0.01112278648061897,-0.008136433631230539,0.03154214053916278,-0.022781710351200045
2023-07-01,0.01794821847143796,0.00599434343144218,0.03317149308109225,-0.02394936704249615
2023-08-01,-0.011995833670258471,-0.04076943606154683,0.026511346815369565,-0.016685214512580888
2023-09-01,0.02010346174695942,0.02016357729278921,0.008031299174277577,0.02259934870829821
2023-10-01,-0.02674704642474154,0.0043855559299777955,0.06653514555267627,0.06841781605333006
2023-11-01,0.010854511918348714,0.0069910473398283185,-0.02921759463401838,-0.05222994950061392
2023-12-01,0.04443055872151687,0.018760496587210906,0.04112275885000061,-0.024631890290872344
2024-01-01,-0.08268181649766354,-0.07528953672986641,-0.024720759924109995,-0.0670237476926984
2024-02-01,-0.036320504378516,-0.045042183073990924,0.0326311849848802,-0.07290252768008493
2024-03-01,-0.01599308401226793,-0.03618267450029987,0.09642162517325138,0.0062985548229486515
2024-04-01,-0.00045632957278754493,-0.04820687918017544,-0.010878314779209433,-0.014706362526340395
2024-05-01,0.002571148549813565,-0.10872681341589335,0.10587733863142981,-0.003752512277715364
2024-06-01,-0.07758955412475557,-0.03835143853161642,-0.04979260496827726,-0.04262713342602725
